e,e,e,e,e,e,e,e,e,e,e,e,e,0,e,0,e,e,e,e,e,e,e,e,e,e,e,e,e,e,e,e,e,e,e,e,e,e,0,e,e,e,e,e,e,e,e,e,e,e,e,e,e,e,e,e,e,e,0,
e,e,e,e,e,e,e,e,e,e,e,e,e,2,e,2,e,e,e,e,e,e,e,e,e,e,e,e,e,e,e,e,e,e,e,e,e,e,1,e,e,e,e,e,e,e,e,e,e,e,e,e,e,e,e,e,e,e,e,
e,e,e,e,e,e,e,e,e,e,e,e,e,4,e,5,e,e,e,e,e,e,e,e,e,e,e,e,e,e,e,e,e,e,e,e,e,e,e,e,e,e,e,e,e,e,e,e,e,e,e,e,e,e,e,e,e,e,5,
e,e,e,e,e,e,e,e,e,e,e,e,e,e,e,6,e,e,e,e,e,e,e,e,e,e,e,e,e,e,e,e,e,e,e,e,e,e,e,e,e,e,e,e,e,e,e,e,e,e,e,e,e,e,e,e,e,e,e,
e,e,e,e,e,e,e,e,e,e,e,e,e,e,e,e,e,e,e,e,e,e,e,e,e,e,e,e,e,e,e,e,e,e,e,e,e,e,3,e,e,e,e,e,e,e,e,e,e,e,e,e,e,e,e,e,e,e,e,
e,e,e,e,e,e,e,e,e,e,e,e,e,7,e,e,e,e,e,e,e,e,e,e,e,e,e,e,e,e,e,e,e,e,e,e,e,e,e,e,e,e,e,e,e,e,e,e,e,e,e,e,e,e,e,e,e,e,e,
e,e,e,e,e,e,e,e,e,e,e,e,e,e,e,e,e,e,e,e,e,e,e,e,e,e,e,e,e,e,e,e,e,e,e,e,30,e,e,e,e,e,e,e,e,e,e,e,e,e,e,e,e,e,e,e,e,e,e,
10,e,e,e,e,e,e,e,e,e,e,e,e,e,e,e,e,e,e,e,e,e,e,e,e,e,e,e,e,e,e,e,e,e,e,e,e,e,e,e,e,e,e,e,e,e,e,e,e,e,e,e,e,e,e,e,e,e,e,
e,e,e,e,e,e,e,e,e,e,e,e,e,e,e,e,e,e,e,e,e,e,e,e,e,e,e,e,e,e,e,e,e,e,e,e,9,e,e,e,e,e,e,e,e,e,e,e,e,8,e,e,e,e,e,e,e,e,e,
13,e,e,e,e,e,e,e,e,e,e,e,e,e,e,e,e,e,e,e,e,e,e,e,e,e,e,e,e,e,e,e,e,e,e,e,e,e,e,e,e,e,e,e,e,e,e,e,e,e,e,e,e,e,e,e,e,e,e,
e,e,e,e,e,e,e,e,e,e,e,e,e,e,e,e,e,e,e,e,e,e,e,e,e,e,e,e,e,e,e,16,17,18,e,19,e,e,e,e,e,e,e,e,e,e,e,e,e,e,e,e,e,e,e,e,e,e,e,
e,e,e,e,e,e,e,e,e,e,e,e,e,e,e,e,e,e,e,e,11,e,e,12,e,e,e,e,e,e,e,e,e,e,e,e,e,e,e,e,e,e,e,e,e,e,e,e,e,e,e,e,e,e,e,e,e,e,e,
e,e,e,e,e,e,e,e,e,e,e,e,e,e,e,e,e,e,e,e,e,e,e,e,e,e,e,e,e,e,e,27,28,29,e,e,e,e,e,e,e,e,e,e,e,e,e,e,e,e,e,e,e,e,e,e,e,e,e,
e,e,e,e,e,e,e,e,e,e,e,e,e,e,e,e,e,e,e,e,14,e,e,15,e,e,e,e,e,e,e,e,e,e,e,e,e,e,e,e,e,e,e,e,e,e,e,e,e,e,e,e,e,e,e,e,e,e,e,
20,20,e,20,20,e,e,e,e,e,e,e,e,e,e,e,e,e,20,e,e,e,e,20,e,e,e,e,e,e,e,e,e,e,e,e,e,e,e,e,e,e,e,e,e,e,e,e,e,e,e,e,e,e,e,e,e,e,e,
21,21,e,21,21,e,e,e,e,e,e,e,e,e,e,e,e,e,21,e,e,e,e,21,e,e,e,e,e,e,e,e,e,e,e,e,e,e,e,e,e,e,e,e,e,e,e,e,e,e,e,e,e,e,e,e,e,e,e,
26,26,e,24,25,e,e,e,e,e,e,e,e,e,e,e,e,e,e,e,e,e,e,e,26,e,e,e,e,e,e,e,e,e,e,e,e,e,e,e,e,e,e,e,e,e,e,e,e,e,e,e,e,e,e,e,e,e,e,
23,22,e,e,e,e,e,e,e,e,e,e,e,e,e,e,e,e,e,e,e,e,e,e,e,e,e,e,e,e,e,e,e,e,e,e,e,e,e,e,e,e,e,e,e,e,e,e,e,e,e,e,e,e,e,e,e,e,e,
31,e,e,e,e,e,e,e,e,e,e,e,e,e,e,e,e,e,e,e,e,e,31,e,e,e,e,e,e,e,e,e,e,e,e,e,e,32,31,e,e,e,31,31,31,e,e,e,e,e,31,e,31,e,32,e,31,e,e,
34,e,e,e,e,e,e,e,e,e,e,e,e,e,e,e,e,e,e,e,e,e,34,e,e,e,e,e,e,e,e,e,e,e,e,e,e,34,35,e,e,e,34,34,34,e,e,e,e,e,37,e,36,e,34,e,37,e,e,
e,e,e,e,e,e,e,e,e,e,e,e,e,e,e,e,e,e,e,e,e,e,e,e,e,e,e,e,e,e,e,e,e,e,e,e,e,e,e,e,e,e,38,39,e,e,e,e,e,e,e,e,e,e,e,e,e,e,e,
52,e,e,e,e,e,e,e,e,e,e,e,e,e,e,e,e,e,e,e,e,e,52,e,e,e,e,e,e,e,e,e,e,e,e,e,e,52,52,e,e,e,52,52,52,e,e,e,e,e,52,e,52,e,52,e,52,e,e,
e,e,e,e,e,e,e,e,e,e,e,e,e,e,e,e,e,e,e,e,e,e,e,e,e,e,e,e,e,e,e,e,e,e,e,e,e,e,119,e,e,e,e,e,e,e,e,e,e,e,e,e,e,e,e,e,e,e,e,
e,e,e,e,e,e,e,e,e,e,e,e,e,e,e,e,e,e,e,e,e,e,e,e,e,e,e,e,e,e,e,e,e,e,e,e,e,e,e,e,e,e,e,e,e,e,e,e,e,e,e,e,120,e,e,e,e,e,e,
e,e,e,e,e,e,e,e,e,e,e,e,e,e,e,e,e,e,e,e,e,e,e,e,e,e,e,e,e,e,e,e,e,e,e,e,e,e,e,e,e,e,e,e,e,e,e,e,e,e,129,e,e,e,e,e,130,e,e,
46,47,48,e,e,e,e,e,e,e,e,e,e,e,e,e,e,e,e,e,e,e,e,e,e,e,e,45,45,e,e,e,e,e,e,e,e,e,e,e,e,e,e,e,e,e,e,e,e,e,e,e,e,e,e,e,e,e,e,
e,e,e,e,e,e,e,e,e,e,e,e,e,e,e,e,e,e,e,e,e,e,e,e,e,e,e,40,41,e,e,e,e,e,e,e,e,e,e,e,e,e,e,e,e,e,e,e,e,e,e,e,e,e,e,e,e,e,e,
42,43,44,e,e,e,e,e,e,e,e,e,e,e,e,e,e,e,e,e,e,e,e,e,e,e,e,e,e,e,e,e,e,e,e,e,e,e,e,e,e,e,e,e,e,e,e,e,e,e,e,e,e,e,e,e,e,e,e,
e,e,e,e,e,e,e,e,e,e,e,e,e,e,e,e,e,e,e,e,e,e,49,e,e,50,e,e,e,e,e,e,e,e,e,e,e,e,e,e,e,e,e,e,e,e,e,e,e,e,e,e,e,e,e,e,e,e,e,
53,e,e,e,e,e,e,e,e,e,e,e,e,e,e,e,e,e,e,e,e,e,e,e,e,e,e,e,e,e,e,e,e,e,e,e,e,e,e,e,e,e,e,e,e,e,e,e,e,e,e,e,e,e,e,e,e,e,e,
58,e,e,e,e,e,e,e,e,e,e,e,e,e,e,e,e,e,e,e,e,e,58,e,e,e,e,e,e,e,e,e,e,e,e,e,e,58,58,e,e,e,58,58,58,e,e,e,e,e,58,e,58,e,58,e,58,e,e,
e,e,e,e,e,e,e,e,e,e,e,e,e,e,e,e,e,e,e,e,e,54,55,e,e,e,e,e,e,e,e,e,e,e,e,e,e,e,e,e,e,e,e,e,e,e,e,e,e,e,e,e,e,e,e,e,e,e,e,
e,e,e,e,e,e,e,e,e,e,e,e,e,e,e,e,e,e,e,e,e,56,e,e,e,e,e,e,e,e,e,e,e,e,e,e,e,e,e,e,e,e,e,e,e,e,e,e,e,e,e,e,e,e,e,e,e,e,e,
e,e,e,e,e,e,e,e,e,e,e,e,e,e,e,e,e,e,e,e,e,e,57,e,e,e,e,e,e,e,e,e,e,e,e,e,e,e,e,e,e,e,e,e,e,e,e,e,e,e,e,e,e,e,e,e,e,e,e,
68,68,68,69,69,e,e,e,e,e,e,e,e,e,e,e,e,e,e,e,e,e,e,e,68,e,e,68,68,e,e,e,e,e,e,e,e,e,e,e,e,e,e,e,e,e,e,e,e,e,e,e,e,e,e,e,e,e,e,
104,104,e,104,104,e,e,e,e,e,e,e,e,e,e,e,e,e,e,e,e,e,e,104,104,e,e,e,e,e,e,e,e,e,e,e,e,e,e,e,e,e,e,e,e,e,e,e,e,e,e,e,e,e,e,e,e,e,e,
e,e,e,e,e,e,e,e,e,e,e,e,e,e,e,e,e,e,e,e,e,e,63,e,e,e,e,e,e,e,e,e,e,e,e,e,e,e,e,e,e,e,e,e,64,e,e,e,e,e,e,e,e,e,e,e,e,e,e,
62,59,60,e,e,e,e,e,e,e,e,e,e,e,e,e,e,e,e,e,e,e,e,e,e,e,e,61,61,e,e,e,e,e,e,e,e,e,e,e,e,e,e,e,e,e,e,e,e,e,e,e,e,e,e,e,e,e,e,
e,e,e,93,93,93,93,93,93,93,93,93,93,e,e,e,e,e,e,93,e,e,92,e,e,93,e,e,e,93,93,e,e,e,e,e,e,e,e,e,e,e,e,e,e,e,e,e,e,e,e,e,e,e,e,e,e,e,e,
65,e,e,e,e,e,e,e,e,e,e,e,e,e,e,e,e,e,e,e,e,e,e,e,e,e,e,e,e,e,e,e,e,e,e,e,e,e,e,e,e,e,e,e,e,e,e,e,e,e,e,e,e,e,e,e,e,e,e,
e,e,e,e,e,e,e,e,e,e,e,e,e,e,e,e,e,67,e,e,66,e,e,67,e,e,e,e,e,e,e,e,e,e,e,e,e,e,e,e,e,e,e,e,e,e,e,e,e,e,e,e,e,e,e,e,e,e,e,
75,75,75,e,e,e,e,e,e,e,e,e,e,e,e,e,e,e,e,e,e,e,e,e,75,e,e,75,75,e,e,e,e,e,e,e,e,e,e,e,e,e,e,e,e,e,e,e,e,e,e,e,e,e,e,e,e,e,e,
e,e,e,70,70,e,e,e,e,e,e,e,e,e,e,e,e,e,e,e,e,e,e,e,e,e,e,e,e,e,e,e,e,e,e,e,e,e,e,e,e,e,e,e,e,e,e,e,e,e,e,e,e,e,e,e,e,e,e,
e,e,e,73,74,e,e,e,e,e,e,e,e,e,e,e,e,e,e,e,e,e,e,e,e,e,e,e,e,e,e,e,e,e,e,e,e,e,e,e,e,e,e,e,e,e,e,e,e,e,e,e,e,e,e,e,e,e,e,
72,72,72,e,e,e,e,e,e,e,e,e,e,e,e,e,e,e,e,e,e,e,e,e,71,e,e,e,e,e,e,e,e,e,e,e,e,e,e,e,e,e,e,e,e,e,e,e,e,e,e,e,e,e,e,e,e,e,e,
82,82,82,e,e,e,e,e,e,e,e,e,e,e,e,e,e,e,e,e,e,e,e,e,82,e,e,e,e,e,e,e,e,e,e,e,e,e,e,e,e,e,e,e,e,e,e,e,e,e,e,e,e,e,e,e,e,e,e,
78,78,78,e,e,e,e,e,e,e,e,e,e,e,e,e,e,e,e,e,e,e,e,e,78,e,e,79,79,e,e,e,e,e,e,e,e,e,e,e,e,e,e,e,e,e,e,e,e,e,e,e,e,e,e,e,e,e,e,
e,e,e,e,e,e,e,e,e,e,e,e,e,e,e,e,e,e,e,77,e,e,e,e,e,77,e,e,e,76,76,e,e,e,e,e,e,e,e,e,e,e,e,e,e,e,e,e,e,e,e,e,e,e,e,e,e,e,e,
e,e,e,e,e,e,e,e,e,e,e,e,e,e,e,e,e,e,e,e,e,e,e,e,e,e,e,e,e,111,112,e,e,e,e,e,e,e,e,e,e,e,e,e,e,e,e,e,e,e,e,e,e,e,e,e,e,e,e,
e,e,e,e,e,e,e,80,80,80,80,80,80,e,e,e,e,e,e,81,e,e,e,e,e,81,e,e,e,81,81,e,e,e,e,e,e,e,e,e,e,e,e,e,e,e,e,e,e,e,e,e,e,e,e,e,e,e,e,
e,e,e,e,e,e,e,113,114,116,115,117,118,e,e,e,e,e,e,e,e,e,e,e,e,e,e,e,e,e,e,e,e,e,e,e,e,e,e,e,e,e,e,e,e,e,e,e,e,e,e,e,e,e,e,e,e,e,e,
85,85,85,e,e,e,e,e,e,e,e,e,e,e,e,e,e,e,e,e,e,e,e,e,85,e,e,e,e,e,e,e,e,e,e,e,e,e,e,e,e,e,e,e,e,e,e,e,e,e,e,e,e,e,e,e,e,e,e,
e,e,e,83,83,e,e,84,84,84,84,84,84,e,e,e,e,e,e,84,e,e,e,e,e,84,e,e,e,84,84,e,e,e,e,e,e,e,e,e,e,e,e,e,e,e,e,e,e,e,e,e,e,e,e,e,e,e,e,
e,e,e,107,108,e,e,e,e,e,e,e,e,e,e,e,e,e,e,e,e,e,e,e,e,e,e,e,e,e,e,e,e,e,e,e,e,e,e,e,e,e,e,e,e,e,e,e,e,e,e,e,e,e,e,e,e,e,e,
91,89,90,e,e,e,e,e,e,e,e,e,e,e,e,e,e,e,e,e,e,e,e,e,88,e,e,e,e,e,e,e,e,e,e,e,e,e,e,e,e,e,e,e,e,e,e,e,e,e,e,e,e,e,e,e,e,e,e,
e,e,e,87,87,86,86,87,87,87,87,87,87,e,e,e,e,e,e,87,e,e,e,e,e,87,e,e,e,87,87,e,e,e,e,e,e,e,e,e,e,e,e,e,e,e,e,e,e,e,e,e,e,e,e,e,e,e,e,
e,e,e,e,e,109,110,e,e,e,e,e,e,e,e,e,e,e,e,e,e,e,e,e,e,e,e,e,e,e,e,e,e,e,e,e,e,e,e,e,e,e,e,e,e,e,e,e,e,e,e,e,e,e,e,e,e,e,e,
94,94,e,e,e,e,e,e,e,e,e,e,e,e,e,e,e,e,e,e,e,e,e,e,94,e,e,94,94,e,e,e,e,e,e,e,e,e,e,e,e,e,e,e,e,e,e,e,e,e,e,e,e,e,e,e,e,e,e,
97,97,e,e,e,e,e,e,e,e,e,e,e,e,e,e,e,e,e,e,e,e,e,e,97,e,e,97,97,e,e,e,e,e,e,e,e,e,e,e,e,e,e,e,e,e,e,e,e,e,e,e,e,e,e,e,e,e,e,
e,e,e,95,95,e,e,e,e,e,e,e,e,e,e,e,e,e,e,e,e,e,e,e,e,96,e,e,e,e,e,e,e,e,e,e,e,e,e,e,e,e,e,e,e,e,e,e,e,e,e,e,e,e,e,e,e,e,e,
100,101,e,e,e,e,e,e,e,e,e,e,e,e,e,e,e,e,e,e,e,e,e,e,103,e,e,102,102,e,e,e,e,e,e,e,e,e,e,e,e,e,e,e,e,e,e,e,e,e,e,e,e,e,e,e,e,e,e,
e,e,e,99,99,98,98,e,e,e,e,e,e,e,e,e,e,e,e,e,e,e,e,e,e,99,e,e,e,e,e,e,e,e,e,e,e,e,e,e,e,e,e,e,e,e,e,e,e,e,e,e,e,e,e,e,e,e,e,
105,105,e,e,e,e,e,e,e,e,e,e,e,e,e,e,e,e,e,e,e,e,e,e,106,e,e,e,e,e,e,e,e,e,e,e,e,e,e,e,e,e,e,e,e,e,e,e,e,e,e,e,e,e,e,e,e,e,e,
e,e,e,e,e,e,e,e,e,e,e,e,e,e,e,e,e,e,e,e,e,e,e,e,e,e,e,e,e,e,e,e,e,e,e,e,e,e,e,e,e,e,e,e,e,e,e,e,e,e,e,e,e,121,e,e,e,e,e,
e,e,e,e,e,e,e,e,e,e,e,e,e,e,e,e,e,e,e,e,e,e,e,e,e,e,e,e,e,e,e,e,e,e,e,e,e,128,e,e,e,e,e,e,e,e,e,e,e,e,e,e,e,e,e,127,e,e,e,
e,124,e,e,e,e,e,e,e,e,e,e,e,e,e,e,e,e,e,e,e,e,e,e,e,e,e,125,126,e,e,e,e,e,e,e,e,e,e,e,e,e,e,e,e,e,e,e,e,e,e,e,e,e,e,e,e,e,e,
e,e,e,e,e,e,e,e,e,e,e,e,e,e,e,e,e,e,e,e,e,e,e,e,e,e,e,e,e,e,e,e,e,e,e,e,e,123,e,e,e,e,e,e,e,e,e,e,e,e,e,e,e,122,e,123,e,e,e,
e,131,e,131,131,e,e,e,e,e,e,e,e,e,e,e,e,e,131,e,e,e,e,e,e,131,e,e,e,e,e,e,e,e,e,e,e,e,e,e,e,e,e,e,e,e,e,e,e,e,e,e,e,e,e,e,e,e,e,
e,132,e,132,132,e,e,e,e,e,e,e,e,e,e,e,e,e,132,e,e,e,e,e,e,132,e,e,e,e,e,e,e,e,e,e,e,e,e,e,e,e,e,e,e,e,e,e,e,e,e,e,e,e,e,e,e,e,e,
e,136,e,134,135,e,e,e,e,e,e,e,e,e,e,e,e,e,e,e,e,e,e,e,e,e,e,e,e,e,e,e,e,e,e,e,e,e,e,e,e,e,e,e,e,e,e,e,e,e,e,e,e,e,e,e,e,e,e,
e,133,e,e,e,e,e,e,e,e,e,e,e,e,e,e,e,e,e,e,e,e,e,e,e,e,e,e,e,e,e,e,e,e,e,e,e,e,e,e,e,e,e,e,e,e,e,e,e,e,e,e,e,e,e,e,e,e,e,
